<?xml version="1.0" encoding="UTF-8"?>

<project basedir="." default="generate-artifacts" name="RNS-SOL2">
	<description>
			Script for RNS Assignment 2 solution
	</description>
	
	<!-- properties -->
	<property name="custom.dir" location="${basedir}/custom"/>
	<property name="build.dir" location="${basedir}/build"/>
	<property name="schema.dir" location="${basedir}/xsd" />
	<property name="gen.src" location="${basedir}/gen-src"/>
	<property name="pack1" value="it.polito.dp2.RNS.sol1.jaxb"/>
	<property name="pack2" value="it.polito.dp2.RNS.rest.jaxb"/>
	<property name="lib.dir" value="${basedir}/lib"/>
	<property name="shared.location" location="/opt/dp2/shared"/>
	<property name="ext.lib.dir" location="${shared.location}/lib" />
	
	<!-- The classpath to be used for compilation of the solution -->
	<path id="RNS.classpath">
		<fileset dir="${lib.dir}">
			<include name="**/*.jar"/>
		</fileset>
		<fileset dir="${ext.lib.dir}">
			<include name="**/*.jar"/>
		</fileset>
	</path>

	
	<!-- define the client artifacts generation target -->
	<target name="generate-artifacts">
		<mkdir dir="${gen.src}"/>
		<mkdir dir="${build.dir}"/>
		<echo message="Generate classes from DataTypes.xsd" />
		<exec executable="xjc">
			<arg line="-d gen-src -p it.polito.dp2.RNS.rest.jaxb ${custom.dir}/DataTypes.xsd"/>
		</exec>
		<echo message="Compiling the java source files..." />
		<javac destdir="${build.dir}" debug="on" includeantruntime="false">
			<src path="gen-src" />
	   		<src path="src" />
			<classpath>
				<path refid="RNS.classpath" />
			</classpath>
		</javac>
		
		
	</target>

</project>
